Iteration,UCB,E-Greedy,Softmax
0,NaN,NaN,NaN
1,0.0,0.0,0.0
2,0.0,0.0,0.0
3,0.0,0.0,0.0
4,0.25,0.0,0.0
5,0.2,0.0,0.0
6,0.16666666666666666,0.0,0.0
7,0.14285714285714285,0.0,0.0
8,0.125,0.0,0.0
9,0.1111111111111111,0.0,0.0
10,0.1,0.0,0.0
11,0.09090909090909091,0.0,0.0
12,0.08333333333333333,0.0,0.0
13,0.07692307692307693,0.0,0.0
14,0.14285714285714285,0.0,0.0
15,0.13333333333333333,0.0,0.0
16,0.125,0.0,0.0
17,0.11764705882352941,0.0,0.0
18,0.1111111111111111,0.0,0.0
19,0.10526315789473684,0.0,0.0
20,0.1,0.0,0.0
21,0.09523809523809523,0.0,0.0
22,0.09090909090909091,0.0,0.0
23,0.08695652173913043,0.0,0.0
24,0.08333333333333333,0.0,0.0
25,0.12,0.0,0.0
26,0.11538461538461539,0.0,0.038461538461538464
27,0.1111111111111111,0.0,0.037037037037037035
28,0.10714285714285714,0.0,0.03571428571428571
29,0.10344827586206896,0.0,0.034482758620689655
30,0.1,0.0,0.03333333333333333
31,0.0967741935483871,0.0,0.03225806451612903
32,0.09375,0.03125,0.03125
33,0.09090909090909091,0.030303030303030304,0.030303030303030304
34,0.08823529411764706,0.029411764705882353,0.029411764705882353
35,0.08571428571428572,0.02857142857142857,0.02857142857142857
36,0.08333333333333333,0.027777777777777776,0.027777777777777776
37,0.10810810810810811,0.02702702702702703,0.02702702702702703
38,0.10526315789473684,0.02631578947368421,0.02631578947368421
39,0.10256410256410256,0.02564102564102564,0.02564102564102564
40,0.1,0.025,0.025
41,0.0975609756097561,0.024390243902439025,0.024390243902439025
42,0.09523809523809523,0.023809523809523808,0.023809523809523808
43,0.09302325581395349,0.023255813953488372,0.023255813953488372
44,0.09090909090909091,0.022727272727272728,0.022727272727272728
45,0.08888888888888889,0.022222222222222223,0.022222222222222223
46,0.08695652173913043,0.021739130434782608,0.021739130434782608
47,0.10638297872340426,0.02127659574468085,0.02127659574468085
48,0.10416666666666667,0.020833333333333332,0.020833333333333332
49,0.10204081632653061,0.02040816326530612,0.02040816326530612
50,0.1,0.02,0.02
51,0.09803921568627451,0.0196078431372549,0.0196078431372549
52,0.09615384615384616,0.019230769230769232,0.019230769230769232
53,0.09433962264150944,0.018867924528301886,0.018867924528301886
54,0.09259259259259259,0.018518518518518517,0.018518518518518517
55,0.09090909090909091,0.03636363636363636,0.01818181818181818
56,0.08928571428571429,0.03571428571428571,0.017857142857142856
57,0.10526315789473684,0.05263157894736842,0.017543859649122806
58,0.10344827586206896,0.05172413793103448,0.017241379310344827
59,0.1016949152542373,0.06779661016949153,0.01694915254237288
60,0.1,0.08333333333333333,0.016666666666666666
61,0.09836065573770492,0.09836065573770492,0.01639344262295082
62,0.0967741935483871,0.11290322580645161,0.016129032258064516
63,0.09523809523809523,0.1111111111111111,0.015873015873015872
64,0.09375,0.125,0.015625
65,0.09230769230769231,0.13846153846153847,0.015384615384615385
66,0.09090909090909091,0.15151515151515152,0.015151515151515152
67,0.1044776119402985,0.16417910447761194,0.014925373134328358
68,0.11764705882352941,0.17647058823529413,0.014705882352941176
69,0.11594202898550725,0.17391304347826086,0.014492753623188406
70,0.11428571428571428,0.18571428571428572,0.014285714285714285
71,0.11267605633802817,0.19718309859154928,0.014084507042253521
72,0.1111111111111111,0.20833333333333334,0.013888888888888888
73,0.1095890410958904,0.2054794520547945,0.0136986301369863
74,0.12162162162162163,0.21621621621621623,0.013513513513513514
75,0.12,0.21333333333333335,0.013333333333333334
76,0.11842105263157894,0.2236842105263158,0.013157894736842105
77,0.11688311688311688,0.23376623376623376,0.012987012987012988
78,0.11538461538461539,0.24358974358974358,0.01282051282051282
79,0.11392405063291139,0.25316455696202533,0.012658227848101266
80,0.1125,0.2625,0.0125
81,0.1111111111111111,0.2716049382716049,0.012345679012345678
82,0.10975609756097561,0.2804878048780488,0.012195121951219513
83,0.10843373493975904,0.2891566265060241,0.012048192771084338
84,0.11904761904761904,0.2857142857142857,0.011904761904761904
85,0.11764705882352941,0.2823529411764706,0.011764705882352941
86,0.11627906976744186,0.27906976744186046,0.011627906976744186
87,0.11494252873563218,0.28735632183908044,0.011494252873563218
88,0.11363636363636363,0.2840909090909091,0.011363636363636364
89,0.11235955056179775,0.2808988764044944,0.011235955056179775
90,0.1111111111111111,0.2777777777777778,0.011111111111111112
91,0.10989010989010989,0.2857142857142857,0.01098901098901099
92,0.10869565217391304,0.29347826086956524,0.010869565217391304
93,0.10752688172043011,0.3010752688172043,0.010752688172043012
94,0.10638297872340426,0.30851063829787234,0.010638297872340425
95,0.11578947368421053,0.3157894736842105,0.010526315789473684
96,0.11458333333333333,0.3229166666666667,0.010416666666666666
97,0.1134020618556701,0.32989690721649484,0.010309278350515464
98,0.11224489795918367,0.336734693877551,0.01020408163265306
99,0.1111111111111111,0.3434343434343434,0.010101010101010102
100,0.11,0.35,0.01
101,0.10891089108910891,0.3564356435643564,0.009900990099009901
102,0.10784313725490197,0.3627450980392157,0.00980392156862745
103,0.10679611650485436,0.36893203883495146,0.009708737864077669
104,0.10576923076923077,0.375,0.009615384615384616
105,0.11428571428571428,0.38095238095238093,0.009523809523809525
106,0.11320754716981132,0.3867924528301887,0.018867924528301886
107,0.11214953271028037,0.3925233644859813,0.018691588785046728
108,0.1111111111111111,0.39814814814814814,0.018518518518518517
109,0.11009174311926606,0.4036697247706422,0.01834862385321101
110,0.10909090909090909,0.4090909090909091,0.01818181818181818
111,0.10810810810810811,0.4144144144144144,0.018018018018018018
112,0.10714285714285714,0.41964285714285715,0.017857142857142856
113,0.10619469026548672,0.4247787610619469,0.017699115044247787
114,0.10526315789473684,0.4298245614035088,0.017543859649122806
115,0.10434782608695652,0.43478260869565216,0.017391304347826087
116,0.10344827586206896,0.43103448275862066,0.017241379310344827
117,0.1111111111111111,0.4358974358974359,0.017094017094017096
118,0.11016949152542373,0.4406779661016949,0.01694915254237288
119,0.1092436974789916,0.44537815126050423,0.01680672268907563
120,0.10833333333333334,0.45,0.016666666666666666
121,0.11570247933884298,0.45454545454545453,0.01652892561983471
122,0.11475409836065574,0.45901639344262296,0.01639344262295082
123,0.11382113821138211,0.45528455284552843,0.016260162601626018
124,0.11290322580645161,0.4596774193548387,0.016129032258064516
125,0.112,0.464,0.016
126,0.1111111111111111,0.46825396825396826,0.015873015873015872
127,0.11023622047244094,0.47244094488188976,0.015748031496062992
128,0.109375,0.4765625,0.015625
129,0.10852713178294573,0.4806201550387597,0.015503875968992248
130,0.1076923076923077,0.4846153846153846,0.015384615384615385
131,0.11450381679389313,0.48854961832061067,0.015267175572519083
132,0.12121212121212122,0.48484848484848486,0.015151515151515152
133,0.12030075187969924,0.48872180451127817,0.015037593984962405
134,0.12686567164179105,0.4925373134328358,0.014925373134328358
135,0.13333333333333333,0.4962962962962963,0.014814814814814815
136,0.1323529411764706,0.5,0.014705882352941176
137,0.1386861313868613,0.49635036496350365,0.014598540145985401
138,0.13768115942028986,0.4927536231884058,0.014492753623188406
139,0.1366906474820144,0.49640287769784175,0.014388489208633094
140,0.1357142857142857,0.5,0.014285714285714285
141,0.1347517730496454,0.5035460992907801,0.014184397163120567
142,0.13380281690140844,0.5,0.014084507042253521
143,0.13286713286713286,0.5034965034965035,0.013986013986013986
144,0.13194444444444445,0.5069444444444444,0.013888888888888888
145,0.1310344827586207,0.5103448275862069,0.013793103448275862
146,0.13013698630136986,0.5136986301369864,0.0136986301369863
147,0.1360544217687075,0.5170068027210885,0.013605442176870748
148,0.13513513513513514,0.5202702702702703,0.013513513513513514
149,0.1342281879194631,0.5234899328859061,0.013422818791946308
150,0.13333333333333333,0.52,0.02
151,0.13245033112582782,0.5231788079470199,0.019867549668874173
152,0.13157894736842105,0.5263157894736842,0.02631578947368421
153,0.13071895424836602,0.5294117647058824,0.026143790849673203
154,0.12987012987012986,0.525974025974026,0.025974025974025976
155,0.12903225806451613,0.5290322580645161,0.025806451612903226
156,0.1282051282051282,0.532051282051282,0.02564102564102564
157,0.12738853503184713,0.5286624203821656,0.025477707006369428
158,0.13291139240506328,0.5316455696202531,0.02531645569620253
159,0.13836477987421383,0.5345911949685535,0.025157232704402517
160,0.1375,0.5375,0.03125
161,0.13664596273291926,0.5341614906832298,0.031055900621118012
162,0.1419753086419753,0.5370370370370371,0.037037037037037035
163,0.1411042944785276,0.5398773006134969,0.03680981595092025
164,0.1402439024390244,0.5426829268292683,0.036585365853658534
165,0.1393939393939394,0.5454545454545454,0.03636363636363636
166,0.13855421686746988,0.5481927710843374,0.04216867469879518
167,0.1377245508982036,0.5508982035928144,0.041916167664670656
168,0.13690476190476192,0.5535714285714286,0.041666666666666664
169,0.13609467455621302,0.5562130177514792,0.04142011834319527
170,0.1411764705882353,0.5588235294117647,0.041176470588235294
171,0.14035087719298245,0.5614035087719298,0.04093567251461988
172,0.13953488372093023,0.563953488372093,0.040697674418604654
173,0.13872832369942195,0.5664739884393064,0.04046242774566474
174,0.13793103448275862,0.5689655172413793,0.040229885057471264
175,0.13714285714285715,0.5714285714285714,0.04
176,0.13636363636363635,0.5738636363636364,0.03977272727272727
177,0.13559322033898305,0.5706214689265536,0.03954802259887006
178,0.1348314606741573,0.5674157303370787,0.03932584269662921
179,0.1340782122905028,0.5642458100558659,0.03910614525139665
180,0.13333333333333333,0.5666666666666667,0.03888888888888889
181,0.13259668508287292,0.569060773480663,0.03867403314917127
182,0.13186813186813187,0.5714285714285714,0.04395604395604396
183,0.13114754098360656,0.5737704918032787,0.04371584699453552
184,0.1358695652173913,0.5760869565217391,0.043478260869565216
185,0.14054054054054055,0.5783783783783784,0.043243243243243246
186,0.14516129032258066,0.5806451612903226,0.043010752688172046
187,0.1443850267379679,0.5775401069518716,0.0427807486631016
188,0.14361702127659576,0.5797872340425532,0.047872340425531915
189,0.14285714285714285,0.582010582010582,0.047619047619047616
190,0.14210526315789473,0.5842105263157895,0.05263157894736842
191,0.14136125654450263,0.5863874345549738,0.05235602094240838
192,0.140625,0.5885416666666666,0.052083333333333336
193,0.13989637305699482,0.5906735751295337,0.05181347150259067
194,0.13917525773195877,0.5927835051546392,0.05670103092783505
195,0.13846153846153847,0.5948717948717949,0.05641025641025641
196,0.14285714285714285,0.5969387755102041,0.05612244897959184
197,0.14213197969543148,0.5989847715736041,0.05583756345177665
198,0.1414141414141414,0.601010101010101,0.05555555555555555
199,0.1407035175879397,0.6030150753768844,0.05527638190954774
200,0.14,0.605,0.055
201,0.13930348258706468,0.6069651741293532,0.05472636815920398
202,0.13861386138613863,0.6089108910891089,0.054455445544554455
203,0.13793103448275862,0.6108374384236454,0.054187192118226604
204,0.13725490196078433,0.6127450980392157,0.058823529411764705
205,0.14146341463414633,0.6146341463414634,0.05853658536585366
206,0.1407766990291262,0.616504854368932,0.05825242718446602
207,0.14009661835748793,0.6183574879227053,0.057971014492753624
208,0.13942307692307693,0.6201923076923077,0.057692307692307696
209,0.13875598086124402,0.6220095693779905,0.05741626794258373
210,0.1380952380952381,0.6238095238095238,0.05714285714285714
211,0.13744075829383887,0.6255924170616114,0.05687203791469194
212,0.13679245283018868,0.6273584905660378,0.05660377358490566
213,0.13615023474178403,0.6244131455399061,0.056338028169014086
214,0.13551401869158877,0.6261682242990654,0.06074766355140187
215,0.13953488372093023,0.627906976744186,0.06046511627906977
216,0.1388888888888889,0.6296296296296297,0.06481481481481481
217,0.1382488479262673,0.631336405529954,0.06451612903225806
218,0.13761467889908258,0.6330275229357798,0.06880733944954129
219,0.136986301369863,0.634703196347032,0.0684931506849315
220,0.13636363636363635,0.6363636363636364,0.06818181818181818
221,0.14027149321266968,0.6380090497737556,0.06787330316742081
222,0.13963963963963963,0.6396396396396397,0.07207207207207207
223,0.13901345291479822,0.6412556053811659,0.07174887892376682
224,0.13839285714285715,0.6428571428571429,0.07142857142857142
225,0.13777777777777778,0.6444444444444445,0.07111111111111111
226,0.13716814159292035,0.6415929203539823,0.07079646017699115
227,0.13656387665198239,0.6387665198237885,0.07048458149779736
228,0.13596491228070176,0.6359649122807017,0.07456140350877193
229,0.13537117903930132,0.6375545851528385,0.07423580786026202
230,0.13478260869565217,0.6391304347826087,0.0782608695652174
231,0.1341991341991342,0.6406926406926406,0.07792207792207792
232,0.1336206896551724,0.6422413793103449,0.08189655172413793
233,0.13304721030042918,0.6437768240343348,0.0815450643776824
234,0.13247863247863248,0.6452991452991453,0.0811965811965812
235,0.13191489361702127,0.6468085106382979,0.08085106382978724
236,0.13135593220338984,0.6483050847457628,0.08050847457627118
237,0.1308016877637131,0.6497890295358649,0.08016877637130802
238,0.13445378151260504,0.6512605042016807,0.07983193277310924
239,0.13807531380753138,0.6527196652719666,0.0794979079497908
240,0.14166666666666666,0.6541666666666667,0.07916666666666666
241,0.14522821576763487,0.6514522821576764,0.07883817427385892
242,0.1487603305785124,0.6528925619834711,0.07851239669421488
243,0.1522633744855967,0.654320987654321,0.07818930041152264
244,0.1557377049180328,0.6557377049180327,0.0778688524590164
245,0.15918367346938775,0.6571428571428571,0.07755102040816327
246,0.16260162601626016,0.6585365853658537,0.08130081300813008
247,0.1659919028340081,0.659919028340081,0.08097165991902834
248,0.1693548387096774,0.6612903225806451,0.08064516129032258
249,0.1686746987951807,0.6626506024096386,0.08032128514056225
250,0.168,0.664,0.08
251,0.16733067729083664,0.6653386454183267,0.0796812749003984
252,0.16666666666666666,0.6666666666666666,0.08333333333333333
253,0.16996047430830039,0.6679841897233202,0.08300395256916997
254,0.16929133858267717,0.6692913385826772,0.08661417322834646
255,0.16862745098039217,0.6705882352941176,0.08627450980392157
256,0.16796875,0.671875,0.08984375
257,0.16731517509727625,0.6731517509727627,0.08949416342412451
258,0.16666666666666666,0.6744186046511628,0.08914728682170543
259,0.16602316602316602,0.6756756756756757,0.0888030888030888
260,0.16923076923076924,0.676923076923077,0.09230769230769231
261,0.1685823754789272,0.6781609195402298,0.09195402298850575
262,0.16793893129770993,0.6793893129770993,0.0916030534351145
263,0.16730038022813687,0.6806083650190115,0.09125475285171103
264,0.16666666666666666,0.6818181818181818,0.09090909090909091
265,0.1660377358490566,0.6830188679245283,0.09056603773584905
266,0.16541353383458646,0.6842105263157895,0.09398496240601503
267,0.1647940074906367,0.6853932584269663,0.09363295880149813
268,0.16417910447761194,0.6865671641791045,0.09701492537313433
269,0.16356877323420074,0.6877323420074349,0.09665427509293681
270,0.16296296296296298,0.6888888888888889,0.0962962962962963
271,0.16605166051660517,0.6900369003690037,0.0959409594095941
272,0.16911764705882354,0.6911764705882353,0.09558823529411764
273,0.17216117216117216,0.6923076923076923,0.09523809523809523
274,0.17153284671532848,0.6934306569343066,0.09854014598540146
275,0.1709090909090909,0.6945454545454546,0.09818181818181818
276,0.17028985507246377,0.6956521739130435,0.09782608695652174
277,0.16967509025270758,0.6967509025270758,0.09747292418772563
278,0.16906474820143885,0.697841726618705,0.10071942446043165
279,0.16845878136200718,0.6989247311827957,0.1003584229390681
280,0.16785714285714284,0.7,0.10357142857142858
281,0.16725978647686832,0.697508896797153,0.10320284697508897
282,0.16666666666666666,0.6950354609929078,0.10638297872340426
283,0.16607773851590105,0.6925795053003534,0.10600706713780919
284,0.16549295774647887,0.6901408450704225,0.1056338028169014
285,0.1649122807017544,0.6877192982456141,0.10526315789473684
286,0.16783216783216784,0.6853146853146853,0.10839160839160839
287,0.17073170731707318,0.6829268292682927,0.10801393728222997
288,0.1736111111111111,0.6805555555555556,0.1111111111111111
289,0.17301038062283736,0.6782006920415224,0.11072664359861592
290,0.1724137931034483,0.6758620689655173,0.11379310344827587
291,0.1718213058419244,0.6735395189003437,0.1134020618556701
292,0.17123287671232876,0.6746575342465754,0.11301369863013698
293,0.17064846416382254,0.6757679180887372,0.11262798634812286
294,0.17006802721088435,0.6768707482993197,0.11224489795918367
295,0.17288135593220338,0.6779661016949152,0.11186440677966102
296,0.17229729729729729,0.6790540540540541,0.11148648648648649
297,0.1717171717171717,0.6801346801346801,0.1111111111111111
298,0.17114093959731544,0.6778523489932886,0.11073825503355705
299,0.1705685618729097,0.6755852842809364,0.11036789297658862
300,0.17,0.6766666666666666,0.11
301,0.16943521594684385,0.6777408637873754,0.10963455149501661
302,0.17218543046357615,0.6788079470198676,0.10927152317880795
303,0.1716171617161716,0.6798679867986799,0.10891089108910891
304,0.17105263157894737,0.680921052631579,0.10855263157894737
305,0.17049180327868851,0.6819672131147541,0.10819672131147541
306,0.16993464052287582,0.6830065359477124,0.1111111111111111
307,0.16938110749185667,0.6840390879478827,0.11074918566775244
308,0.16883116883116883,0.685064935064935,0.11038961038961038
309,0.16828478964401294,0.686084142394822,0.11003236245954692
310,0.17096774193548386,0.6870967741935484,0.10967741935483871
311,0.17363344051446947,0.6881028938906752,0.10932475884244373
312,0.1762820512820513,0.6891025641025641,0.10897435897435898
313,0.17891373801916932,0.6900958466453674,0.10862619808306709
314,0.18152866242038215,0.6910828025477707,0.10828025477707007
315,0.18412698412698414,0.692063492063492,0.10793650793650794
316,0.18670886075949367,0.6930379746835443,0.10759493670886076
317,0.1892744479495268,0.694006309148265,0.10725552050473186
318,0.1918238993710692,0.6918238993710691,0.1069182389937107
319,0.19435736677115986,0.6927899686520376,0.10658307210031348
320,0.196875,0.69375,0.10625
321,0.19937694704049844,0.6947040498442367,0.1059190031152648
322,0.20186335403726707,0.6956521739130435,0.10559006211180125
323,0.20123839009287925,0.6965944272445821,0.10526315789473684
324,0.2006172839506173,0.6975308641975309,0.10802469135802469
325,0.20307692307692307,0.6984615384615385,0.1076923076923077
326,0.20245398773006135,0.6993865030674846,0.10736196319018405
327,0.2018348623853211,0.7003058103975535,0.10703363914373089
328,0.20121951219512196,0.7012195121951219,0.10975609756097561
329,0.2006079027355623,0.6990881458966566,0.1094224924012158
330,0.2,0.7,0.10909090909090909
331,0.19939577039274925,0.7009063444108762,0.10876132930513595
332,0.19879518072289157,0.7018072289156626,0.11144578313253012
333,0.1981981981981982,0.7027027027027027,0.1111111111111111
334,0.19760479041916168,0.7035928143712575,0.11377245508982035
335,0.19701492537313434,0.7044776119402985,0.11343283582089553
336,0.19642857142857142,0.7053571428571429,0.11607142857142858
337,0.19584569732937684,0.7062314540059347,0.11572700296735905
338,0.19822485207100593,0.7071005917159763,0.11538461538461539
339,0.20058997050147492,0.7079646017699115,0.11504424778761062
340,0.20294117647058824,0.7088235294117647,0.11470588235294117
341,0.20527859237536658,0.7096774193548387,0.11436950146627566
342,0.20760233918128654,0.7105263157894737,0.11695906432748537
343,0.2099125364431487,0.7113702623906706,0.11661807580174927
344,0.21220930232558138,0.7122093023255814,0.11627906976744186
345,0.2144927536231884,0.7130434782608696,0.11594202898550725
346,0.21676300578034682,0.7109826589595376,0.11560693641618497
347,0.21613832853025935,0.7118155619596542,0.11527377521613832
348,0.21551724137931033,0.7126436781609196,0.11494252873563218
349,0.2148997134670487,0.7134670487106017,0.11461318051575932
350,0.21714285714285714,0.7142857142857143,0.11428571428571428
351,0.21937321937321938,0.7150997150997151,0.11396011396011396
352,0.2215909090909091,0.7159090909090909,0.11363636363636363
353,0.2237960339943343,0.71671388101983,0.11331444759206799
354,0.22598870056497175,0.7146892655367232,0.11299435028248588
355,0.22816901408450704,0.7154929577464789,0.11267605633802817
356,0.2303370786516854,0.7162921348314607,0.11235955056179775
357,0.23249299719887956,0.7170868347338936,0.11204481792717087
358,0.2346368715083799,0.7178770949720671,0.11452513966480447
359,0.23676880222841226,0.7186629526462396,0.11420612813370473
360,0.2388888888888889,0.7194444444444444,0.11388888888888889
361,0.23822714681440443,0.7202216066481995,0.11357340720221606
362,0.23756906077348067,0.7209944751381215,0.1132596685082873
363,0.2369146005509642,0.721763085399449,0.11294765840220386
364,0.23626373626373626,0.7225274725274725,0.11263736263736264
365,0.2356164383561644,0.7232876712328767,0.11232876712328767
366,0.23497267759562843,0.7240437158469946,0.11475409836065574
367,0.23433242506811988,0.7220708446866485,0.11444141689373297
368,0.23369565217391305,0.7228260869565217,0.11413043478260869
369,0.23577235772357724,0.7235772357723578,0.11382113821138211
370,0.23783783783783785,0.7243243243243244,0.11351351351351352
371,0.2398921832884097,0.7250673854447439,0.11320754716981132
372,0.239247311827957,0.7258064516129032,0.11290322580645161
373,0.2386058981233244,0.7265415549597856,0.1126005361930295
374,0.23796791443850268,0.7245989304812834,0.11497326203208556
375,0.23733333333333334,0.7253333333333334,0.11466666666666667
376,0.23670212765957446,0.726063829787234,0.11436170212765957
377,0.23872679045092837,0.7241379310344828,0.11405835543766578
378,0.23809523809523808,0.7248677248677249,0.11375661375661375
379,0.23746701846965698,0.7255936675461742,0.11345646437994723
380,0.23684210526315788,0.7263157894736842,0.11578947368421053
381,0.23622047244094488,0.7270341207349081,0.11548556430446194
382,0.23821989528795812,0.7277486910994765,0.11518324607329843
383,0.23759791122715404,0.7284595300261096,0.11488250652741515
384,0.23697916666666666,0.7291666666666666,0.1171875
385,0.23636363636363636,0.7298701298701299,0.11688311688311688
386,0.23575129533678757,0.7305699481865285,0.11658031088082901
387,0.2351421188630491,0.7312661498708011,0.11627906976744186
388,0.23711340206185566,0.7319587628865979,0.11597938144329897
389,0.2365038560411311,0.7326478149100257,0.11568123393316196
390,0.2358974358974359,0.7333333333333333,0.11538461538461539
391,0.23529411764705882,0.7340153452685422,0.11508951406649616
392,0.23469387755102042,0.7346938775510204,0.11734693877551021
393,0.2366412213740458,0.7353689567430025,0.11704834605597965
394,0.23604060913705585,0.733502538071066,0.116751269035533
395,0.23544303797468355,0.7341772151898734,0.11645569620253164
396,0.23484848484848486,0.7348484848484849,0.11616161616161616
397,0.23425692695214106,0.7355163727959698,0.11586901763224182
398,0.23366834170854273,0.7361809045226131,0.11557788944723618
399,0.23308270676691728,0.7368421052631579,0.11528822055137844
400,0.2325,0.7375,0.115
401,0.2344139650872818,0.7381546134663342,0.11471321695760599
402,0.236318407960199,0.7388059701492538,0.11442786069651742
403,0.23821339950372208,0.739454094292804,0.1141439205955335
404,0.2400990099009901,0.7400990099009901,0.11633663366336634
405,0.2419753086419753,0.7407407407407407,0.11604938271604938
406,0.2438423645320197,0.7413793103448276,0.11576354679802955
407,0.24324324324324326,0.742014742014742,0.11547911547911548
408,0.2426470588235294,0.7426470588235294,0.11519607843137254
409,0.24205378973105135,0.7432762836185819,0.11491442542787286
410,0.24146341463414633,0.7439024390243902,0.11463414634146342
411,0.24087591240875914,0.7445255474452555,0.11435523114355231
412,0.24029126213592233,0.7451456310679612,0.11407766990291263
413,0.2397094430992736,0.7457627118644068,0.11380145278450363
414,0.24154589371980675,0.7463768115942029,0.11352657004830918
415,0.24096385542168675,0.7469879518072289,0.11325301204819277
416,0.2403846153846154,0.7475961538461539,0.11538461538461539
417,0.2422062350119904,0.7482014388489209,0.11510791366906475
418,0.24162679425837322,0.7488038277511961,0.11483253588516747
419,0.24105011933174225,0.7494033412887828,0.11455847255369929
420,0.24047619047619048,0.75,0.11666666666666667
421,0.23990498812351543,0.7505938242280285,0.1163895486935867
422,0.23933649289099526,0.7511848341232228,0.11848341232227488
423,0.23877068557919623,0.75177304964539,0.1182033096926714
424,0.23820754716981132,0.7523584905660378,0.1179245283018868
425,0.2376470588235294,0.7529411764705882,0.11764705882352941
426,0.23708920187793428,0.7535211267605634,0.11737089201877934
427,0.23653395784543327,0.7540983606557377,0.117096018735363
428,0.23598130841121495,0.7546728971962616,0.11682242990654206
429,0.23543123543123542,0.7552447552447552,0.11655011655011654
430,0.23488372093023255,0.7558139534883721,0.11627906976744186
431,0.23433874709976799,0.7563805104408353,0.11600928074245939
432,0.2361111111111111,0.7569444444444444,0.11574074074074074
433,0.23556581986143188,0.7575057736720554,0.11547344110854503
434,0.23732718894009217,0.7580645161290323,0.1152073732718894
435,0.23908045977011494,0.7586206896551724,0.11494252873563218
436,0.2408256880733945,0.7591743119266054,0.11467889908256881
437,0.2425629290617849,0.7597254004576659,0.11441647597254005
438,0.24429223744292236,0.7602739726027398,0.1141552511415525
439,0.2460136674259681,0.7608200455580866,0.11389521640091116
440,0.24772727272727274,0.7613636363636364,0.1159090909090909
441,0.2494331065759637,0.7619047619047619,0.11564625850340136
442,0.251131221719457,0.7624434389140271,0.11538461538461539
443,0.2528216704288939,0.7629796839729119,0.11512415349887133
444,0.2545045045045045,0.7635135135135135,0.11486486486486487
445,0.25617977528089886,0.7640449438202247,0.1146067415730337
446,0.257847533632287,0.7623318385650224,0.11434977578475336
447,0.25727069351230425,0.7628635346756152,0.11409395973154363
448,0.25892857142857145,0.7633928571428571,0.11383928571428571
449,0.2583518930957684,0.7639198218262806,0.11358574610244988
450,0.2577777777777778,0.7644444444444445,0.11333333333333333
451,0.2572062084257206,0.7649667405764967,0.1130820399113082
452,0.25663716814159293,0.7654867256637168,0.11504424778761062
453,0.2560706401766004,0.7660044150110376,0.11479028697571744
454,0.2555066079295154,0.7665198237885462,0.1145374449339207
455,0.2549450549450549,0.7648351648351648,0.11428571428571428
456,0.2543859649122807,0.7653508771929824,0.1162280701754386
457,0.2538293216630197,0.7658643326039387,0.11597374179431072
458,0.25327510917030566,0.7663755458515283,0.11572052401746726
459,0.25272331154684097,0.7668845315904139,0.11546840958605664
460,0.2543478260869565,0.7673913043478261,0.11739130434782609
461,0.2559652928416486,0.7678958785249458,0.11713665943600868
462,0.25757575757575757,0.7683982683982684,0.11688311688311688
463,0.2570194384449244,0.7688984881209503,0.11663066954643629
464,0.25862068965517243,0.7693965517241379,0.11853448275862069
465,0.26021505376344084,0.7698924731182796,0.11827956989247312
466,0.26180257510729615,0.7703862660944206,0.11802575107296137
467,0.26124197002141325,0.7708779443254818,0.11777301927194861
468,0.2606837606837607,0.7713675213675214,0.11752136752136752
469,0.2601279317697228,0.7718550106609808,0.11727078891257996
470,0.25957446808510637,0.7723404255319148,0.11914893617021277
471,0.25902335456475584,0.772823779193206,0.11889596602972399
472,0.2584745762711864,0.7733050847457628,0.12076271186440678
473,0.25792811839323465,0.773784355179704,0.12050739957716702
474,0.25949367088607594,0.7742616033755274,0.12025316455696203
475,0.25894736842105265,0.7747368421052632,0.12
476,0.25840336134453784,0.7752100840336135,0.11974789915966387
477,0.259958071278826,0.7735849056603774,0.11949685534591195
478,0.2594142259414226,0.7740585774058577,0.1192468619246862
479,0.2588726513569937,0.7745302713987474,0.11899791231732777
480,0.25833333333333336,0.775,0.11875
481,0.2577962577962578,0.7754677754677755,0.11850311850311851
482,0.2572614107883817,0.7759336099585062,0.12033195020746888
483,0.2567287784679089,0.7763975155279503,0.12008281573498965
484,0.256198347107438,0.7768595041322314,0.12190082644628099
485,0.2556701030927835,0.777319587628866,0.12164948453608247
486,0.2551440329218107,0.7777777777777778,0.12139917695473251
487,0.2546201232032854,0.7782340862422998,0.12114989733059549
488,0.2540983606557377,0.7766393442622951,0.12090163934426229
489,0.25357873210633947,0.7770961145194274,0.12065439672801637
490,0.25510204081632654,0.7755102040816326,0.12040816326530612
491,0.2545824847250509,0.7759674134419552,0.12016293279022404
492,0.2540650406504065,0.7764227642276422,0.11991869918699187
493,0.2535496957403651,0.7768762677484787,0.11967545638945233
494,0.25303643724696356,0.7773279352226721,0.1194331983805668
495,0.25252525252525254,0.7777777777777778,0.1191919191919192
496,0.25201612903225806,0.7782258064516129,0.12096774193548387
497,0.2515090543259557,0.778672032193159,0.12072434607645875
498,0.25100401606425704,0.7791164658634538,0.12048192771084337
499,0.250501002004008,0.779559118236473,0.12024048096192384
500,0.252,0.78,0.12
501,0.25349301397205587,0.780439121756487,0.11976047904191617
502,0.2549800796812749,0.7808764940239044,0.11952191235059761
503,0.25646123260437376,0.7813121272365805,0.11928429423459244
504,0.25595238095238093,0.7817460317460317,0.11904761904761904
505,0.25544554455445545,0.7821782178217822,0.1188118811881188
506,0.2549407114624506,0.782608695652174,0.11857707509881422
507,0.25443786982248523,0.7830374753451677,0.11834319526627218
508,0.25393700787401574,0.7834645669291339,0.12007874015748031
509,0.25343811394891946,0.7838899803536346,0.11984282907662082
510,0.2529411764705882,0.7843137254901961,0.12156862745098039
511,0.25244618395303325,0.7847358121330724,0.12133072407045009
512,0.251953125,0.78515625,0.12109375
513,0.253411306042885,0.7855750487329435,0.12085769980506822
514,0.25486381322957197,0.7859922178988327,0.12062256809338522
515,0.2563106796116505,0.7864077669902912,0.1203883495145631
516,0.25775193798449614,0.7868217054263565,0.12209302325581395
517,0.25918762088974856,0.7872340425531915,0.1218568665377176
518,0.2606177606177606,0.7876447876447876,0.12162162162162163
519,0.26204238921001927,0.7880539499036608,0.12138728323699421
520,0.26346153846153847,0.7884615384615384,0.12307692307692308
521,0.2648752399232246,0.7888675623800384,0.12284069097888675
522,0.2662835249042146,0.789272030651341,0.12452107279693486
523,0.2676864244741874,0.7877629063097514,0.124282982791587
524,0.26908396946564883,0.7881679389312977,0.12595419847328243
525,0.2704761904761905,0.7885714285714286,0.12571428571428572
526,0.2718631178707224,0.7889733840304183,0.12547528517110265
527,0.2732447817836812,0.7874762808349146,0.1252371916508539
528,0.2727272727272727,0.7878787878787878,0.125
529,0.2722117202268431,0.7863894139886578,0.12476370510396975
530,0.27169811320754716,0.7867924528301887,0.12641509433962264
531,0.2711864406779661,0.7853107344632768,0.12617702448210924
532,0.2706766917293233,0.7857142857142857,0.12593984962406016
533,0.2701688555347092,0.7861163227016885,0.12570356472795496
534,0.2696629213483146,0.7865168539325843,0.1254681647940075
535,0.2691588785046729,0.7869158878504673,0.1252336448598131
536,0.26865671641791045,0.7873134328358209,0.12686567164179105
537,0.2681564245810056,0.7877094972067039,0.1266294227188082
538,0.26765799256505574,0.7881040892193308,0.12825278810408922
539,0.26716141001855287,0.7884972170686456,0.1280148423005566
540,0.26666666666666666,0.7888888888888889,0.12777777777777777
541,0.266173752310536,0.789279112754159,0.12754158964879853
542,0.2656826568265683,0.7896678966789668,0.12915129151291513
543,0.26703499079189685,0.7882136279926335,0.1289134438305709
544,0.26838235294117646,0.7867647058823529,0.12867647058823528
545,0.26788990825688075,0.7871559633027523,0.12844036697247707
546,0.2673992673992674,0.7875457875457875,0.1282051282051282
547,0.26691042047531993,0.7879341864716636,0.12797074954296161
548,0.2664233576642336,0.7883211678832117,0.12773722627737227
549,0.2659380692167577,0.7887067395264117,0.12750455373406194
550,0.26545454545454544,0.7890909090909091,0.1290909090909091
551,0.26497277676951,0.7894736842105263,0.12885662431941924
552,0.2644927536231884,0.7898550724637681,0.13043478260869565
553,0.2640144665461121,0.7902350813743219,0.1301989150090416
554,0.26353790613718414,0.7906137184115524,0.1299638989169675
555,0.2648648648648649,0.790990990990991,0.12972972972972974
556,0.2643884892086331,0.7913669064748201,0.12949640287769784
557,0.2639138240574506,0.7899461400359067,0.12926391382405744
558,0.26523297491039427,0.7903225806451613,0.13082437275985664
559,0.26475849731663686,0.7906976744186046,0.13059033989266547
560,0.2642857142857143,0.7910714285714285,0.13035714285714287
561,0.2638146167557932,0.7914438502673797,0.13012477718360071
562,0.26334519572953735,0.791814946619217,0.13167259786476868
563,0.26465364120781526,0.7921847246891652,0.13143872113676733
564,0.26595744680851063,0.7925531914893617,0.13297872340425532
565,0.2672566371681416,0.7929203539823009,0.13274336283185842
566,0.2667844522968198,0.7932862190812721,0.13250883392226148
567,0.26631393298059963,0.7936507936507936,0.13227513227513227
568,0.2658450704225352,0.7940140845070423,0.13204225352112675
569,0.26537785588752194,0.7943760984182777,0.13181019332161686
570,0.26666666666666666,0.7947368421052632,0.13333333333333333
571,0.266199649737303,0.7950963222416813,0.1330998248686515
572,0.2674825174825175,0.7937062937062938,0.13286713286713286
573,0.2670157068062827,0.794066317626527,0.13263525305410123
574,0.2665505226480836,0.794425087108014,0.13240418118466898
575,0.26608695652173914,0.7947826086956522,0.13217391304347825
576,0.265625,0.7951388888888888,0.13368055555555555
577,0.2651646447140381,0.7954939341421143,0.13344887348353554
578,0.2647058823529412,0.7958477508650519,0.13321799307958476
579,0.26424870466321243,0.7962003454231433,0.13298791018998274
580,0.2637931034482759,0.7965517241379311,0.13448275862068965
581,0.2633390705679862,0.7969018932874354,0.1342512908777969
582,0.26288659793814434,0.7972508591065293,0.13573883161512026
583,0.2624356775300172,0.7975986277873071,0.13550600343053174
584,0.261986301369863,0.797945205479452,0.13527397260273974
585,0.26153846153846155,0.7982905982905983,0.13504273504273503
586,0.26109215017064846,0.7986348122866894,0.1348122866894198
587,0.2606473594548552,0.7989778534923339,0.13458262350936967
588,0.2602040816326531,0.7993197278911565,0.13435374149659865
589,0.2597623089983022,0.799660441426146,0.13412563667232597
590,0.2593220338983051,0.8,0.13559322033898305
591,0.25888324873096447,0.7986463620981388,0.1353637901861252
592,0.25844594594594594,0.7989864864864865,0.13513513513513514
593,0.2580101180438449,0.7993254637436762,0.13490725126475547
594,0.25757575757575757,0.7996632996632996,0.13468013468013468
595,0.2571428571428571,0.8,0.13445378151260504
596,0.25671140939597314,0.8003355704697986,0.13590604026845637
597,0.2562814070351759,0.8006700167504187,0.135678391959799
598,0.25752508361204013,0.8010033444816054,0.13712374581939799
599,0.2570951585976628,0.8013355592654424,0.13689482470784642
600,0.25666666666666665,0.8016666666666666,0.13833333333333334
601,0.2579034941763727,0.8019966722129783,0.13810316139767054
602,0.2574750830564784,0.8023255813953488,0.13953488372093023
603,0.2570480928689884,0.802653399668325,0.13930348258706468
604,0.25662251655629137,0.8029801324503312,0.1390728476821192
605,0.256198347107438,0.8033057851239669,0.13884297520661157
606,0.25577557755775576,0.8036303630363036,0.13861386138613863
607,0.2553542009884679,0.8039538714991763,0.13838550247116968
608,0.25493421052631576,0.8042763157894737,0.13980263157894737
609,0.2545155993431856,0.8045977011494253,0.13957307060755336
610,0.2540983606557377,0.8032786885245902,0.13934426229508196
611,0.25368248772504093,0.8036006546644845,0.13911620294599017
612,0.25326797385620914,0.803921568627451,0.1388888888888889
613,0.2528548123980424,0.8042414355628059,0.13866231647634583
614,0.252442996742671,0.8045602605863192,0.13843648208469056
615,0.25203252032520324,0.8048780487804879,0.13821138211382114
616,0.25162337662337664,0.8051948051948052,0.137987012987013
617,0.25121555915721233,0.8055105348460292,0.13776337115072934
618,0.25080906148867316,0.8058252427184466,0.13754045307443366
619,0.25040387722132473,0.8061389337641357,0.13731825525040386
620,0.25,0.8064516129032258,0.13870967741935483
621,0.249597423510467,0.8067632850241546,0.13848631239935588
622,0.2508038585209003,0.8070739549839229,0.1382636655948553
623,0.2504012841091493,0.8073836276083467,0.13804173354735153
624,0.25,0.8076923076923077,0.13782051282051283
625,0.2496,0.808,0.1376
626,0.24920127795527156,0.8083067092651757,0.13738019169329074
627,0.24880382775119617,0.8086124401913876,0.1371610845295056
628,0.2484076433121019,0.8089171974522293,0.13694267515923567
629,0.24960254372019078,0.809220985691574,0.13672496025437203
630,0.2492063492063492,0.8095238095238095,0.1380952380952381
631,0.24881141045958796,0.8098256735340729,0.13787638668779714
632,0.24841772151898733,0.810126582278481,0.13765822784810128
633,0.2480252764612954,0.8104265402843602,0.13744075829383887
634,0.2476340694006309,0.8107255520504731,0.13722397476340695
635,0.247244094488189,0.8110236220472441,0.13700787401574804
636,0.24842767295597484,0.8113207547169812,0.13836477987421383
637,0.24803767660910517,0.8116169544740973,0.13814756671899528
638,0.2476489028213166,0.8119122257053292,0.13949843260188088
639,0.24882629107981222,0.812206572769953,0.13928012519561817
640,0.2484375,0.8125,0.140625
641,0.24804992199687986,0.8127925117004681,0.14040561622464898
642,0.24766355140186916,0.8115264797507789,0.14018691588785046
643,0.24727838258164853,0.8118195956454122,0.13996889580093314
644,0.2468944099378882,0.812111801242236,0.13975155279503104
645,0.24651162790697675,0.8124031007751938,0.13953488372093023
646,0.24613003095975233,0.8126934984520123,0.1393188854489164
647,0.24574961360123648,0.8129829984544049,0.1391035548686244
648,0.24537037037037038,0.8132716049382716,0.1388888888888889
649,0.2465331278890601,0.8135593220338984,0.1386748844375963
650,0.24615384615384617,0.8138461538461539,0.14
651,0.2457757296466974,0.8141321044546851,0.13978494623655913
652,0.24539877300613497,0.8144171779141104,0.13957055214723926
653,0.24655436447166923,0.8147013782542113,0.13935681470137826
654,0.24617737003058104,0.8149847094801224,0.13914373088685014
655,0.24580152671755726,0.815267175572519,0.13893129770992366
656,0.24542682926829268,0.8155487804878049,0.13871951219512196
657,0.2450532724505327,0.8158295281582952,0.1385083713850837
658,0.24468085106382978,0.8161094224924013,0.13829787234042554
659,0.24430955993930198,0.8163884673748103,0.13808801213960548
660,0.24393939393939393,0.8166666666666667,0.13787878787878788
661,0.24357034795763993,0.8169440242057489,0.13767019667170954
662,0.243202416918429,0.8172205438066465,0.13897280966767372
663,0.24434389140271492,0.8174962292609351,0.138763197586727
664,0.24397590361445784,0.8177710843373494,0.13855421686746988
665,0.24360902255639097,0.8180451127819549,0.13834586466165413
666,0.24324324324324326,0.8183183183183184,0.13963963963963963
667,0.24287856071964017,0.8185907046476761,0.13943028485757122
668,0.24251497005988024,0.8188622754491018,0.13922155688622753
669,0.242152466367713,0.8191330343796711,0.13901345291479822
670,0.2417910447761194,0.8194029850746268,0.13880597014925372
671,0.2414307004470939,0.819672131147541,0.13859910581222057
672,0.24107142857142858,0.8199404761904762,0.13839285714285715
673,0.24071322436849926,0.8202080237741456,0.13818722139673106
674,0.2403560830860534,0.8204747774480712,0.13798219584569732
675,0.24,0.8207407407407408,0.13777777777777778
676,0.23964497041420119,0.8195266272189349,0.13757396449704143
677,0.23929098966026588,0.8197932053175776,0.13737075332348597
678,0.24041297935103245,0.8200589970501475,0.13716814159292035
679,0.24153166421207659,0.8203240058910162,0.13696612665684832
680,0.2426470588235294,0.8205882352941176,0.13823529411764707
681,0.2422907488986784,0.8208516886930984,0.13803230543318648
682,0.24193548387096775,0.8211143695014663,0.13929618768328444
683,0.24158125915080528,0.821376281112738,0.1390922401171303
684,0.2412280701754386,0.8216374269005848,0.14035087719298245
685,0.24087591240875914,0.8218978102189781,0.14014598540145987
686,0.24052478134110788,0.8221574344023324,0.141399416909621
687,0.24017467248908297,0.8224163027656477,0.14119359534206696
688,0.23982558139534885,0.8212209302325582,0.14098837209302326
689,0.2409288824383164,0.8214804063860668,0.14078374455732948
690,0.24057971014492754,0.8217391304347826,0.14202898550724638
691,0.2402315484804631,0.8219971056439942,0.14182344428364688
692,0.2398843930635838,0.8222543352601156,0.1416184971098266
693,0.23953823953823955,0.8225108225108225,0.1414141414141414
694,0.23919308357348704,0.8227665706051873,0.14265129682997119
695,0.23884892086330936,0.823021582733813,0.14244604316546763
696,0.23994252873563218,0.8232758620689655,0.14367816091954022
697,0.23959827833572453,0.8235294117647058,0.14347202295552366
698,0.23925501432664756,0.8237822349570201,0.14326647564469913
699,0.23891273247496422,0.8240343347639485,0.1430615164520744
700,0.23857142857142857,0.8242857142857143,0.1442857142857143
701,0.23823109843081314,0.8245363766048502,0.14407988587731813
702,0.2378917378917379,0.8247863247863247,0.1452991452991453
703,0.2375533428165007,0.8250355618776671,0.14509246088193456
704,0.23863636363636365,0.8252840909090909,0.14488636363636365
705,0.23829787234042554,0.825531914893617,0.14468085106382977
706,0.23796033994334279,0.8257790368271954,0.14447592067988668
707,0.2376237623762376,0.826025459688826,0.14427157001414428
708,0.23728813559322035,0.826271186440678,0.1440677966101695
709,0.23695345557122707,0.8265162200282088,0.14386459802538787
710,0.2380281690140845,0.8267605633802817,0.14507042253521127
711,0.2390998593530239,0.8270042194092827,0.14486638537271448
712,0.2401685393258427,0.827247191011236,0.14606741573033707
713,0.23983169705469845,0.8274894810659187,0.1458625525946704
714,0.24089635854341737,0.8277310924369747,0.14565826330532214
715,0.24055944055944056,0.827972027972028,0.14545454545454545
716,0.24022346368715083,0.8282122905027933,0.1452513966480447
717,0.2398884239888424,0.8270571827057183,0.14504881450488144
718,0.2395543175487465,0.8272980501392758,0.14623955431754876
719,0.23922114047287898,0.827538247566064,0.14603616133518776
720,0.2388888888888889,0.8277777777777777,0.14583333333333334
721,0.23855755894590847,0.826629680998613,0.14563106796116504
722,0.23822714681440443,0.8268698060941828,0.14542936288088643
723,0.23789764868603042,0.8257261410788381,0.14522821576763487
724,0.23756906077348067,0.8259668508287292,0.1464088397790055
725,0.23724137931034484,0.8262068965517242,0.14620689655172414
726,0.23829201101928374,0.8264462809917356,0.14600550964187328
727,0.2393397524071527,0.8266850068775791,0.14580467675378267
728,0.2403846153846154,0.8269230769230769,0.14560439560439561
729,0.24142661179698216,0.8271604938271605,0.14540466392318244
730,0.24246575342465754,0.8273972602739726,0.14520547945205478
731,0.24350205198358413,0.8276333789329685,0.14500683994528044
732,0.24316939890710382,0.8278688524590164,0.14617486338797814
733,0.24283765347885403,0.8281036834924966,0.14597544338335608
734,0.24250681198910082,0.8283378746594006,0.14577656675749318
735,0.24217687074829933,0.8285714285714286,0.145578231292517
736,0.2418478260869565,0.8288043478260869,0.14673913043478262
737,0.24151967435549526,0.8290366350067843,0.14654002713704206
738,0.24254742547425473,0.8292682926829268,0.14634146341463414
739,0.2422192151556157,0.8294993234100135,0.14614343707713126
740,0.2418918918918919,0.8283783783783784,0.1472972972972973
741,0.24156545209176788,0.8286099865047234,0.14709851551956815
742,0.24123989218328842,0.8288409703504043,0.14690026954177898
743,0.24091520861372812,0.82907133243607,0.14670255720053835
744,0.24059139784946237,0.8293010752688172,0.1478494623655914
745,0.24026845637583893,0.8295302013422818,0.1476510067114094
746,0.23994638069705093,0.8297587131367292,0.14745308310991956
747,0.23962516733601072,0.8299866131191432,0.14725568942436412
748,0.2393048128342246,0.8302139037433155,0.1483957219251337
749,0.2389853137516689,0.8304405874499332,0.14819759679572764
750,0.23866666666666667,0.8293333333333334,0.148
751,0.2396804260985353,0.829560585885486,0.1478029294274301
752,0.2393617021276596,0.8297872340425532,0.14760638297872342
753,0.23904382470119523,0.8300132802124834,0.14741035856573706
754,0.23872679045092837,0.830238726790451,0.14854111405835543
755,0.23841059602649006,0.8304635761589404,0.14834437086092717
756,0.23941798941798942,0.8306878306878307,0.14947089947089948
757,0.2404227212681638,0.8309114927344782,0.14927344782034346
758,0.24142480211081793,0.8311345646437994,0.1503957783641161
759,0.24110671936758893,0.8313570487483531,0.15019762845849802
760,0.24078947368421053,0.8315789473684211,0.1513157894736842
761,0.240473061760841,0.8318002628120894,0.15111695137976347
762,0.24015748031496062,0.8320209973753281,0.15091863517060367
763,0.24115334207077327,0.8322411533420708,0.15072083879423329
764,0.24083769633507854,0.8324607329842932,0.1518324607329843
765,0.24052287581699347,0.8326797385620915,0.15163398692810456
766,0.2402088772845953,0.8328981723237598,0.1514360313315927
767,0.24119947848761408,0.833116036505867,0.15123859191655803
768,0.2421875,0.8333333333333334,0.15104166666666666
769,0.24317295188556567,0.8335500650195059,0.1508452535760728
770,0.24285714285714285,0.8337662337662337,0.15194805194805194
771,0.24254215304798962,0.833981841763943,0.1517509727626459
772,0.24352331606217617,0.832901554404145,0.15155440414507773
773,0.2445019404915912,0.833117723156533,0.15135834411384216
774,0.2454780361757106,0.8333333333333334,0.1524547803617571
775,0.24516129032258063,0.8335483870967741,0.15225806451612903
776,0.24484536082474226,0.8324742268041238,0.15206185567010308
777,0.24453024453024452,0.8326898326898327,0.15186615186615188
778,0.2442159383033419,0.8329048843187661,0.15295629820051415
779,0.24518613607188702,0.8318356867779204,0.1527599486521181
780,0.24487179487179486,0.8320512820512821,0.15384615384615385
781,0.24455825864276567,0.8322663252240717,0.15364916773367476
782,0.24552429667519182,0.8324808184143222,0.1534526854219949
783,0.24521072796934865,0.8326947637292464,0.1532567049808429
784,0.24489795918367346,0.8329081632653061,0.15306122448979592
785,0.2445859872611465,0.8331210191082803,0.15286624203821655
786,0.24427480916030533,0.8333333333333334,0.15267175572519084
787,0.24523506988564167,0.8335451080050826,0.15247776365946633
788,0.24492385786802032,0.833756345177665,0.15228426395939088
789,0.24461343472750316,0.8339670468948035,0.1520912547528517
790,0.24430379746835443,0.8341772151898734,0.15316455696202533
791,0.24399494310998734,0.8343868520859671,0.1529709228824273
792,0.24368686868686867,0.8345959595959596,0.1527777777777778
793,0.24337957124842372,0.8348045397225725,0.15258511979823455
794,0.24307304785894207,0.8350125944584383,0.15239294710327456
795,0.2440251572327044,0.8352201257861636,0.15220125786163521
796,0.2449748743718593,0.8341708542713567,0.15201005025125627
797,0.24592220828105396,0.8343789209535759,0.15181932245922208
798,0.24686716791979949,0.8345864661654135,0.15288220551378445
799,0.24780976220275344,0.8347934918648311,0.15269086357947434
800,0.2475,0.835,0.1525
801,0.2484394506866417,0.8352059925093633,0.1523096129837703
802,0.24812967581047382,0.8341645885286783,0.15211970074812967
803,0.24782067247820672,0.8343711083437111,0.1519302615193026
804,0.24751243781094528,0.8345771144278606,0.1517412935323383
805,0.24720496894409938,0.8347826086956521,0.1515527950310559
806,0.24689826302729528,0.8349875930521092,0.1513647642679901
807,0.24659231722428748,0.8351920693928129,0.15117719950433706
808,0.24752475247524752,0.8353960396039604,0.15099009900990099
809,0.24721878862793573,0.8355995055624228,0.1508034610630408
810,0.24691358024691357,0.8358024691358025,0.15185185185185185
811,0.2466091245376079,0.8360049321824907,0.15166461159062886
812,0.24753694581280788,0.8362068965517241,0.15147783251231528
813,0.24846248462484624,0.8364083640836408,0.15129151291512916
814,0.2493857493857494,0.8366093366093366,0.1511056511056511
815,0.25030674846625767,0.8368098159509203,0.150920245398773
816,0.2512254901960784,0.8370098039215687,0.15073529411764705
817,0.2521419828641371,0.8372093023255814,0.15055079559363524
818,0.2530562347188264,0.8374083129584352,0.15158924205378974
819,0.25396825396825395,0.8376068376068376,0.1514041514041514
820,0.25365853658536586,0.8378048780487805,0.1524390243902439
821,0.25334957369062117,0.8367844092570037,0.15225334957369063
822,0.2542579075425791,0.8369829683698297,0.15328467153284672
823,0.25394896719319565,0.8371810449574727,0.15309842041312272
824,0.2536407766990291,0.837378640776699,0.1529126213592233
825,0.25333333333333335,0.8375757575757575,0.15272727272727274
826,0.25302663438256656,0.837772397094431,0.15375302663438256
827,0.25272067714631197,0.8367593712212817,0.15356711003627568
828,0.2524154589371981,0.8369565217391305,0.15458937198067632
829,0.25211097708082025,0.8371531966224367,0.15440289505428226
830,0.25180722891566265,0.8373493975903614,0.15421686746987953
831,0.2527075812274368,0.8375451263537906,0.15403128760529483
832,0.25240384615384615,0.8377403846153846,0.15504807692307693
833,0.25210084033613445,0.8379351740696278,0.15486194477791115
834,0.2517985611510791,0.8381294964028777,0.15467625899280577
835,0.25149700598802394,0.8383233532934131,0.15449101796407186
836,0.2511961722488038,0.8373205741626795,0.15430622009569378
837,0.2520908004778972,0.8375149342891278,0.15412186379928317
838,0.2529832935560859,0.837708830548926,0.15393794749403342
839,0.25387365911799764,0.8367103694874851,0.1537544696066746
840,0.25476190476190474,0.8369047619047619,0.15476190476190477
841,0.2556480380499406,0.8370986920332937,0.1545778834720571
842,0.25653206650831356,0.83729216152019,0.15558194774346792
843,0.25622775800711745,0.8374851720047449,0.1553973902728351
844,0.2559241706161137,0.8376777251184834,0.1552132701421801
845,0.2556213017751479,0.8378698224852071,0.15502958579881657
846,0.2553191489361702,0.8380614657210402,0.15602836879432624
847,0.256198347107438,0.8382526564344747,0.15584415584415584
848,0.25589622641509435,0.8372641509433962,0.15566037735849056
849,0.25559481743227325,0.8374558303886925,0.15547703180212014
850,0.25529411764705884,0.8376470588235294,0.15529411764705883
851,0.25499412455934195,0.8378378378378378,0.15511163337250294
852,0.25586854460093894,0.8380281690140845,0.15610328638497653
853,0.2567409144196952,0.8382180539273154,0.1559202813599062
854,0.2576112412177986,0.8384074941451991,0.15690866510538642
855,0.2573099415204678,0.8385964912280702,0.1567251461988304
856,0.25817757009345793,0.8376168224299065,0.15771028037383178
857,0.25787631271878647,0.8378063010501751,0.15752625437572929
858,0.25757575757575757,0.837995337995338,0.15734265734265734
859,0.2572759022118743,0.8381839348079162,0.15715948777648428
860,0.2569767441860465,0.8383720930232558,0.15813953488372093
861,0.25667828106852497,0.8385598141695703,0.15795586527293845
862,0.25638051044083526,0.8387470997679815,0.15777262180974477
863,0.2572421784472769,0.8389339513325609,0.15758980301274622
864,0.25810185185185186,0.8391203703703703,0.1574074074074074
865,0.2589595375722543,0.8393063583815029,0.15722543352601157
866,0.25981524249422633,0.8383371824480369,0.15704387990762125
867,0.2606689734717416,0.8385236447520185,0.1568627450980392
868,0.26152073732718895,0.8387096774193549,0.15668202764976957
869,0.2612197928653625,0.8377445339470656,0.1565017261219793
870,0.26091954022988506,0.8379310344827586,0.15632183908045977
871,0.2606199770378875,0.8381171067738232,0.15614236509758897
872,0.2603211009174312,0.838302752293578,0.15711009174311927
873,0.2600229095074456,0.8384879725085911,0.15693012600229095
874,0.2597254004576659,0.8386727688787186,0.15675057208237986
875,0.26057142857142856,0.8388571428571429,0.15657142857142858
876,0.2602739726027397,0.839041095890411,0.15753424657534246
877,0.25997719498289623,0.8392246294184721,0.1573546180159635
878,0.25968109339407747,0.8382687927107062,0.1571753986332574
879,0.2593856655290102,0.838452787258248,0.15699658703071673
880,0.26022727272727275,0.8386363636363636,0.15681818181818183
881,0.26106696935300794,0.8388195232690124,0.15664018161180476
882,0.2619047619047619,0.8390022675736961,0.15759637188208617
883,0.2627406568516421,0.8391845979614949,0.15741789354473387
884,0.26357466063348417,0.8393665158371041,0.1583710407239819
885,0.26440677966101694,0.8395480225988701,0.15819209039548024
886,0.2652370203160271,0.8397291196388262,0.15914221218961624
887,0.266065388951522,0.8399098083427283,0.1589627959413754
888,0.2668918918918919,0.8400900900900901,0.15990990990990991
889,0.2677165354330709,0.8402699662542182,0.1597300337457818
890,0.26853932584269663,0.8404494382022472,0.16067415730337078
891,0.26936026936026936,0.8406285072951739,0.16049382716049382
892,0.2701793721973094,0.8408071748878924,0.16143497757847533
893,0.270996640537514,0.8409854423292273,0.1612541993281075
894,0.27181208053691275,0.8400447427293065,0.1621923937360179
895,0.27262569832402234,0.8402234636871508,0.16201117318435754
896,0.2734375,0.8404017857142857,0.16183035714285715
897,0.27424749163879597,0.8405797101449275,0.1616499442586399
898,0.2750556792873051,0.8407572383073497,0.16146993318485522
899,0.27586206896551724,0.8409343715239155,0.16129032258064516
900,0.27666666666666667,0.84,0.16111111111111112
901,0.27746947835738067,0.8401775804661488,0.1609322974472808
902,0.27827050997782704,0.8403547671840355,0.1607538802660754
903,0.27906976744186046,0.8394241417497231,0.16057585825027684
904,0.27986725663716816,0.838495575221239,0.16150442477876106
905,0.28066298342541435,0.8386740331491712,0.16132596685082873
906,0.2814569536423841,0.8388520971302428,0.16114790286975716
907,0.2822491730981257,0.8390297684674752,0.1609702315325248
908,0.2830396475770925,0.8392070484581498,0.16079295154185022
909,0.2838283828382838,0.8393839383938394,0.16061606160616063
910,0.2846153846153846,0.8395604395604396,0.16153846153846155
911,0.2854006586169045,0.8386388583973655,0.16136114160263446
912,0.28618421052631576,0.8388157894736842,0.1611842105263158
913,0.28696604600219056,0.8389923329682366,0.16100766703176342
914,0.28774617067833697,0.8391684901531729,0.16192560175054704
915,0.28852459016393445,0.839344262295082,0.16174863387978142
916,0.2893013100436681,0.8395196506550219,0.16266375545851527
917,0.2900763358778626,0.8396946564885496,0.1624863685932388
918,0.2908496732026144,0.8398692810457516,0.16230936819172112
919,0.2916213275299238,0.8400435255712732,0.16213275299238303
920,0.29239130434782606,0.8402173913043478,0.16195652173913044
921,0.2931596091205212,0.8403908794788274,0.16178067318132464
922,0.29392624728850325,0.8394793926247288,0.1616052060737527
923,0.29469122426868904,0.8396533044420368,0.16143011917659805
924,0.29545454545454547,0.8398268398268398,0.16125541125541126
925,0.29621621621621624,0.84,0.16108108108108107
926,0.296976241900648,0.8401727861771058,0.16090712742980562
927,0.2977346278317152,0.8403451995685005,0.16073354908306364
928,0.2984913793103448,0.8405172413793104,0.16163793103448276
929,0.2992465016146394,0.8406889128094726,0.16146393972012918
930,0.3,0.8408602150537634,0.16236559139784945
931,0.3007518796992481,0.841031149301826,0.16219119226638024
932,0.30150214592274677,0.8412017167381974,0.1630901287553648
933,0.3022508038585209,0.8413719185423365,0.16291532690246516
934,0.3029978586723769,0.841541755888651,0.16274089935760172
935,0.3037433155080214,0.841711229946524,0.1625668449197861
936,0.30448717948717946,0.8418803418803419,0.16346153846153846
937,0.3052294557097118,0.8420490928495198,0.1632870864461046
938,0.30597014925373134,0.8422174840085288,0.16417910447761194
939,0.30564430244941426,0.8423855165069223,0.16400425985090522
940,0.30531914893617024,0.8414893617021276,0.16489361702127658
941,0.30499468650371947,0.8416578108395324,0.1647183846971307
942,0.3057324840764331,0.8418259023354565,0.16454352441613587
943,0.3064687168610817,0.8419936373276776,0.16436903499469777
944,0.3072033898305085,0.8421610169491526,0.1641949152542373
945,0.30793650793650795,0.8423280423280424,0.164021164021164
946,0.30761099365750527,0.8424947145877378,0.1649048625792812
947,0.307286166842661,0.8416050686378036,0.16473072861668428
948,0.3069620253164557,0.8417721518987342,0.16455696202531644
949,0.3066385669125395,0.8419388830347735,0.1643835616438356
950,0.3063157894736842,0.8421052631578947,0.16421052631578947
951,0.3070452155625657,0.8422712933753943,0.1640378548895899
952,0.3067226890756303,0.842436974789916,0.16491596638655462
953,0.30640083945435465,0.8426023084994754,0.16474291710388247
954,0.3060796645702306,0.8427672955974843,0.16457023060796647
955,0.3057591623036649,0.8418848167539267,0.1643979057591623
956,0.3054393305439331,0.8420502092050209,0.16527196652719664
957,0.30616509926854757,0.8422152560083594,0.16509926854754442
958,0.3068893528183716,0.8423799582463466,0.16597077244258873
959,0.30761209593326383,0.8425443169968717,0.16579770594369134
960,0.30833333333333335,0.8416666666666667,0.16666666666666666
961,0.3090530697190427,0.841831425598335,0.16649323621227888
962,0.3097713097713098,0.841995841995842,0.16735966735966737
963,0.31048805815160957,0.842159916926272,0.1671858774662513
964,0.3112033195020747,0.8423236514522822,0.16701244813278007
965,0.31088082901554404,0.8424870466321244,0.16683937823834197
966,0.3105590062111801,0.8426501035196687,0.16770186335403728
967,0.31023784901758017,0.8428128231644261,0.16752843846949328
968,0.3109504132231405,0.8429752066115702,0.1683884297520661
969,0.31166150670794635,0.8431372549019608,0.16821465428276575
970,0.31237113402061856,0.8422680412371134,0.16804123711340208
971,0.31307929969104015,0.8424304840370752,0.1678681771369722
972,0.31378600823045266,0.8425925925925926,0.16872427983539096
973,0.31449126413155193,0.8427543679342241,0.1685508735868448
974,0.31519507186858314,0.8429158110882957,0.16940451745379878
975,0.3158974358974359,0.8430769230769231,0.16923076923076924
976,0.3165983606557377,0.8432377049180327,0.17008196721311475
977,0.3172978505629478,0.8433981576253838,0.1699078812691914
978,0.3179959100204499,0.843558282208589,0.16973415132924335
979,0.31869254341164455,0.8437180796731358,0.16956077630234934
980,0.3193877551020408,0.8438775510204082,0.16938775510204082
981,0.3200815494393476,0.8440366972477065,0.1692150866462793
982,0.32077393075356414,0.8441955193482689,0.17006109979633402
983,0.3214649033570702,0.844354018311292,0.1698880976602238
984,0.32215447154471544,0.8445121951219512,0.17073170731707318
985,0.32284263959390863,0.8446700507614213,0.17055837563451776
986,0.3235294117647059,0.8438133874239351,0.17038539553752535
987,0.3242147922998987,0.8439716312056738,0.1702127659574468
988,0.32388663967611336,0.8441295546558705,0.17105263157894737
989,0.3235591506572295,0.8442871587462083,0.17087967644084934
990,0.3242424242424242,0.8444444444444444,0.1707070707070707
991,0.3239152371342079,0.8446014127144299,0.1705348133198789
992,0.3235887096774194,0.844758064516129,0.17036290322580644
993,0.32326283987915405,0.8449144008056395,0.1701913393756294
994,0.32293762575452717,0.8450704225352113,0.17002012072434608
995,0.32261306532663314,0.8452261306532663,0.16984924623115577
996,0.32228915662650603,0.8453815261044176,0.1706827309236948
997,0.32196589769307926,0.8455366098294884,0.17051153460381144
998,0.3216432865731463,0.845691382765531,0.17034068136272545
999,0.3213213213213213,0.8458458458458459,0.17017017017017017
