Iteration,E-Greedy=0.1
0,NaN
1,0.0
2,0.0
3,0.0
4,0.25
5,0.2
6,0.16666666666666666
7,0.14285714285714285
8,0.125
9,0.1111111111111111
10,0.1
11,0.09090909090909091
12,0.08333333333333333
13,0.07692307692307693
14,0.14285714285714285
15,0.13333333333333333
16,0.125
17,0.11764705882352941
18,0.1111111111111111
19,0.10526315789473684
20,0.1
21,0.09523809523809523
22,0.09090909090909091
23,0.08695652173913043
24,0.08333333333333333
25,0.12
26,0.11538461538461539
27,0.1111111111111111
28,0.10714285714285714
29,0.10344827586206896
30,0.1
31,0.0967741935483871
32,0.09375
33,0.09090909090909091
34,0.08823529411764706
35,0.08571428571428572
36,0.08333333333333333
37,0.10810810810810811
38,0.10526315789473684
39,0.10256410256410256
40,0.1
41,0.0975609756097561
42,0.09523809523809523
43,0.09302325581395349
44,0.09090909090909091
45,0.08888888888888889
46,0.08695652173913043
47,0.10638297872340426
48,0.10416666666666667
49,0.10204081632653061
50,0.1
51,0.09803921568627451
52,0.09615384615384616
53,0.09433962264150944
54,0.09259259259259259
55,0.09090909090909091
56,0.08928571428571429
57,0.10526315789473684
58,0.10344827586206896
59,0.1016949152542373
60,0.1
61,0.09836065573770492
62,0.0967741935483871
63,0.09523809523809523
64,0.09375
65,0.09230769230769231
66,0.09090909090909091
67,0.1044776119402985
68,0.11764705882352941
69,0.11594202898550725
70,0.11428571428571428
71,0.11267605633802817
72,0.1111111111111111
73,0.1095890410958904
74,0.12162162162162163
75,0.12
76,0.11842105263157894
77,0.11688311688311688
78,0.11538461538461539
79,0.11392405063291139
80,0.1125
81,0.1111111111111111
82,0.10975609756097561
83,0.10843373493975904
84,0.11904761904761904
85,0.11764705882352941
86,0.11627906976744186
87,0.11494252873563218
88,0.11363636363636363
89,0.11235955056179775
90,0.1111111111111111
91,0.10989010989010989
92,0.10869565217391304
93,0.10752688172043011
94,0.10638297872340426
95,0.11578947368421053
96,0.11458333333333333
97,0.1134020618556701
98,0.11224489795918367
99,0.1111111111111111
100,0.11
101,0.10891089108910891
102,0.10784313725490197
103,0.10679611650485436
104,0.10576923076923077
105,0.11428571428571428
106,0.11320754716981132
107,0.11214953271028037
108,0.1111111111111111
109,0.11009174311926606
110,0.10909090909090909
111,0.10810810810810811
112,0.10714285714285714
113,0.10619469026548672
114,0.10526315789473684
115,0.10434782608695652
116,0.10344827586206896
117,0.1111111111111111
118,0.11016949152542373
119,0.1092436974789916
120,0.10833333333333334
121,0.11570247933884298
122,0.11475409836065574
123,0.11382113821138211
124,0.11290322580645161
125,0.112
126,0.1111111111111111
127,0.11023622047244094
128,0.109375
129,0.10852713178294573
130,0.1076923076923077
131,0.11450381679389313
132,0.12121212121212122
133,0.12030075187969924
134,0.12686567164179105
135,0.13333333333333333
136,0.1323529411764706
137,0.1386861313868613
138,0.13768115942028986
139,0.1366906474820144
140,0.1357142857142857
141,0.1347517730496454
142,0.13380281690140844
143,0.13286713286713286
144,0.13194444444444445
145,0.1310344827586207
146,0.13013698630136986
147,0.1360544217687075
148,0.13513513513513514
149,0.1342281879194631
150,0.13333333333333333
151,0.13245033112582782
152,0.13157894736842105
153,0.13071895424836602
154,0.12987012987012986
155,0.12903225806451613
156,0.1282051282051282
157,0.12738853503184713
158,0.13291139240506328
159,0.13836477987421383
160,0.1375
161,0.13664596273291926
162,0.1419753086419753
163,0.1411042944785276
164,0.1402439024390244
165,0.1393939393939394
166,0.13855421686746988
167,0.1377245508982036
168,0.13690476190476192
169,0.13609467455621302
170,0.1411764705882353
171,0.14035087719298245
172,0.13953488372093023
173,0.13872832369942195
174,0.13793103448275862
175,0.13714285714285715
176,0.13636363636363635
177,0.13559322033898305
178,0.1348314606741573
179,0.1340782122905028
180,0.13333333333333333
181,0.13259668508287292
182,0.13186813186813187
183,0.13114754098360656
184,0.1358695652173913
185,0.14054054054054055
186,0.14516129032258066
187,0.1443850267379679
188,0.14361702127659576
189,0.14285714285714285
190,0.14210526315789473
191,0.14136125654450263
192,0.140625
193,0.13989637305699482
194,0.13917525773195877
195,0.13846153846153847
196,0.14285714285714285
197,0.14213197969543148
198,0.1414141414141414
199,0.1407035175879397
200,0.14
201,0.13930348258706468
202,0.13861386138613863
203,0.13793103448275862
204,0.13725490196078433
205,0.14146341463414633
206,0.1407766990291262
207,0.14009661835748793
208,0.13942307692307693
209,0.13875598086124402
210,0.1380952380952381
211,0.13744075829383887
212,0.13679245283018868
213,0.13615023474178403
214,0.13551401869158877
215,0.13953488372093023
216,0.1388888888888889
217,0.1382488479262673
218,0.13761467889908258
219,0.136986301369863
220,0.13636363636363635
221,0.14027149321266968
222,0.13963963963963963
223,0.13901345291479822
224,0.13839285714285715
225,0.13777777777777778
226,0.13716814159292035
227,0.13656387665198239
228,0.13596491228070176
229,0.13537117903930132
230,0.13478260869565217
231,0.1341991341991342
232,0.1336206896551724
233,0.13304721030042918
234,0.13247863247863248
235,0.13191489361702127
236,0.13135593220338984
237,0.1308016877637131
238,0.13445378151260504
239,0.13807531380753138
240,0.14166666666666666
241,0.14522821576763487
242,0.1487603305785124
243,0.1522633744855967
244,0.1557377049180328
245,0.15918367346938775
246,0.16260162601626016
247,0.1659919028340081
248,0.1693548387096774
249,0.1686746987951807
250,0.168
251,0.16733067729083664
252,0.16666666666666666
253,0.16996047430830039
254,0.16929133858267717
255,0.16862745098039217
256,0.16796875
257,0.16731517509727625
258,0.16666666666666666
259,0.16602316602316602
260,0.16923076923076924
261,0.1685823754789272
262,0.16793893129770993
263,0.16730038022813687
264,0.16666666666666666
265,0.1660377358490566
266,0.16541353383458646
267,0.1647940074906367
268,0.16417910447761194
269,0.16356877323420074
270,0.16296296296296298
271,0.16605166051660517
272,0.16911764705882354
273,0.17216117216117216
274,0.17153284671532848
275,0.1709090909090909
276,0.17028985507246377
277,0.16967509025270758
278,0.16906474820143885
279,0.16845878136200718
280,0.16785714285714284
281,0.16725978647686832
282,0.16666666666666666
283,0.16607773851590105
284,0.16549295774647887
285,0.1649122807017544
286,0.16783216783216784
287,0.17073170731707318
288,0.1736111111111111
289,0.17301038062283736
290,0.1724137931034483
291,0.1718213058419244
292,0.17123287671232876
293,0.17064846416382254
294,0.17006802721088435
295,0.17288135593220338
296,0.17229729729729729
297,0.1717171717171717
298,0.17114093959731544
299,0.1705685618729097
300,0.17
301,0.16943521594684385
302,0.17218543046357615
303,0.1716171617161716
304,0.17105263157894737
305,0.17049180327868851
306,0.16993464052287582
307,0.16938110749185667
308,0.16883116883116883
309,0.16828478964401294
310,0.17096774193548386
311,0.17363344051446947
312,0.1762820512820513
313,0.17891373801916932
314,0.18152866242038215
315,0.18412698412698414
316,0.18670886075949367
317,0.1892744479495268
318,0.1918238993710692
319,0.19435736677115986
320,0.196875
321,0.19937694704049844
322,0.20186335403726707
323,0.20123839009287925
324,0.2006172839506173
325,0.20307692307692307
326,0.20245398773006135
327,0.2018348623853211
328,0.20121951219512196
329,0.2006079027355623
330,0.2
331,0.19939577039274925
332,0.19879518072289157
333,0.1981981981981982
334,0.19760479041916168
335,0.19701492537313434
336,0.19642857142857142
337,0.19584569732937684
338,0.19822485207100593
339,0.20058997050147492
340,0.20294117647058824
341,0.20527859237536658
342,0.20760233918128654
343,0.2099125364431487
344,0.21220930232558138
345,0.2144927536231884
346,0.21676300578034682
347,0.21613832853025935
348,0.21551724137931033
349,0.2148997134670487
350,0.21714285714285714
351,0.21937321937321938
352,0.2215909090909091
353,0.2237960339943343
354,0.22598870056497175
355,0.22816901408450704
356,0.2303370786516854
357,0.23249299719887956
358,0.2346368715083799
359,0.23676880222841226
360,0.2388888888888889
361,0.23822714681440443
362,0.23756906077348067
363,0.2369146005509642
364,0.23626373626373626
365,0.2356164383561644
366,0.23497267759562843
367,0.23433242506811988
368,0.23369565217391305
369,0.23577235772357724
370,0.23783783783783785
371,0.2398921832884097
372,0.239247311827957
373,0.2386058981233244
374,0.23796791443850268
375,0.23733333333333334
376,0.23670212765957446
377,0.23872679045092837
378,0.23809523809523808
379,0.23746701846965698
380,0.23684210526315788
381,0.23622047244094488
382,0.23821989528795812
383,0.23759791122715404
384,0.23697916666666666
385,0.23636363636363636
386,0.23575129533678757
387,0.2351421188630491
388,0.23711340206185566
389,0.2365038560411311
390,0.2358974358974359
391,0.23529411764705882
392,0.23469387755102042
393,0.2366412213740458
394,0.23604060913705585
395,0.23544303797468355
396,0.23484848484848486
397,0.23425692695214106
398,0.23366834170854273
399,0.23308270676691728
400,0.2325
401,0.2344139650872818
402,0.236318407960199
403,0.23821339950372208
404,0.2400990099009901
405,0.2419753086419753
406,0.2438423645320197
407,0.24324324324324326
408,0.2426470588235294
409,0.24205378973105135
410,0.24146341463414633
411,0.24087591240875914
412,0.24029126213592233
413,0.2397094430992736
414,0.24154589371980675
415,0.24096385542168675
416,0.2403846153846154
417,0.2422062350119904
418,0.24162679425837322
419,0.24105011933174225
420,0.24047619047619048
421,0.23990498812351543
422,0.23933649289099526
423,0.23877068557919623
424,0.23820754716981132
425,0.2376470588235294
426,0.23708920187793428
427,0.23653395784543327
428,0.23598130841121495
429,0.23543123543123542
430,0.23488372093023255
431,0.23433874709976799
432,0.2361111111111111
433,0.23556581986143188
434,0.23732718894009217
435,0.23908045977011494
436,0.2408256880733945
437,0.2425629290617849
438,0.24429223744292236
439,0.2460136674259681
440,0.24772727272727274
441,0.2494331065759637
442,0.251131221719457
443,0.2528216704288939
444,0.2545045045045045
445,0.25617977528089886
446,0.257847533632287
447,0.25727069351230425
448,0.25892857142857145
449,0.2583518930957684
450,0.2577777777777778
451,0.2572062084257206
452,0.25663716814159293
453,0.2560706401766004
454,0.2555066079295154
455,0.2549450549450549
456,0.2543859649122807
457,0.2538293216630197
458,0.25327510917030566
459,0.25272331154684097
460,0.2543478260869565
461,0.2559652928416486
462,0.25757575757575757
463,0.2570194384449244
464,0.25862068965517243
465,0.26021505376344084
466,0.26180257510729615
467,0.26124197002141325
468,0.2606837606837607
469,0.2601279317697228
470,0.25957446808510637
471,0.25902335456475584
472,0.2584745762711864
473,0.25792811839323465
474,0.25949367088607594
475,0.25894736842105265
476,0.25840336134453784
477,0.259958071278826
478,0.2594142259414226
479,0.2588726513569937
480,0.25833333333333336
481,0.2577962577962578
482,0.2572614107883817
483,0.2567287784679089
484,0.256198347107438
485,0.2556701030927835
486,0.2551440329218107
487,0.2546201232032854
488,0.2540983606557377
489,0.25357873210633947
490,0.25510204081632654
491,0.2545824847250509
492,0.2540650406504065
493,0.2535496957403651
494,0.25303643724696356
495,0.25252525252525254
496,0.25201612903225806
497,0.2515090543259557
498,0.25100401606425704
499,0.250501002004008
500,0.252
501,0.25349301397205587
502,0.2549800796812749
503,0.25646123260437376
504,0.25595238095238093
505,0.25544554455445545
506,0.2549407114624506
507,0.25443786982248523
508,0.25393700787401574
509,0.25343811394891946
510,0.2529411764705882
511,0.25244618395303325
512,0.251953125
513,0.253411306042885
514,0.25486381322957197
515,0.2563106796116505
516,0.25775193798449614
517,0.25918762088974856
518,0.2606177606177606
519,0.26204238921001927
520,0.26346153846153847
521,0.2648752399232246
522,0.2662835249042146
523,0.2676864244741874
524,0.26908396946564883
525,0.2704761904761905
526,0.2718631178707224
527,0.2732447817836812
528,0.2727272727272727
529,0.2722117202268431
530,0.27169811320754716
531,0.2711864406779661
532,0.2706766917293233
533,0.2701688555347092
534,0.2696629213483146
535,0.2691588785046729
536,0.26865671641791045
537,0.2681564245810056
538,0.26765799256505574
539,0.26716141001855287
540,0.26666666666666666
541,0.266173752310536
542,0.2656826568265683
543,0.26703499079189685
544,0.26838235294117646
545,0.26788990825688075
546,0.2673992673992674
547,0.26691042047531993
548,0.2664233576642336
549,0.2659380692167577
550,0.26545454545454544
551,0.26497277676951
552,0.2644927536231884
553,0.2640144665461121
554,0.26353790613718414
555,0.2648648648648649
556,0.2643884892086331
557,0.2639138240574506
558,0.26523297491039427
559,0.26475849731663686
560,0.2642857142857143
561,0.2638146167557932
562,0.26334519572953735
563,0.26465364120781526
564,0.26595744680851063
565,0.2672566371681416
566,0.2667844522968198
567,0.26631393298059963
568,0.2658450704225352
569,0.26537785588752194
570,0.26666666666666666
571,0.266199649737303
572,0.2674825174825175
573,0.2670157068062827
574,0.2665505226480836
575,0.26608695652173914
576,0.265625
577,0.2651646447140381
578,0.2647058823529412
579,0.26424870466321243
580,0.2637931034482759
581,0.2633390705679862
582,0.26288659793814434
583,0.2624356775300172
584,0.261986301369863
585,0.26153846153846155
586,0.26109215017064846
587,0.2606473594548552
588,0.2602040816326531
589,0.2597623089983022
590,0.2593220338983051
591,0.25888324873096447
592,0.25844594594594594
593,0.2580101180438449
594,0.25757575757575757
595,0.2571428571428571
596,0.25671140939597314
597,0.2562814070351759
598,0.25752508361204013
599,0.2570951585976628
600,0.25666666666666665
601,0.2579034941763727
602,0.2574750830564784
603,0.2570480928689884
604,0.25662251655629137
605,0.256198347107438
606,0.25577557755775576
607,0.2553542009884679
608,0.25493421052631576
609,0.2545155993431856
610,0.2540983606557377
611,0.25368248772504093
612,0.25326797385620914
613,0.2528548123980424
614,0.252442996742671
615,0.25203252032520324
616,0.25162337662337664
617,0.25121555915721233
618,0.25080906148867316
619,0.25040387722132473
620,0.25
621,0.249597423510467
622,0.2508038585209003
623,0.2504012841091493
624,0.25
625,0.2496
626,0.24920127795527156
627,0.24880382775119617
628,0.2484076433121019
629,0.24960254372019078
630,0.2492063492063492
631,0.24881141045958796
632,0.24841772151898733
633,0.2480252764612954
634,0.2476340694006309
635,0.247244094488189
636,0.24842767295597484
637,0.24803767660910517
638,0.2476489028213166
639,0.24882629107981222
640,0.2484375
641,0.24804992199687986
642,0.24766355140186916
643,0.24727838258164853
644,0.2468944099378882
645,0.24651162790697675
646,0.24613003095975233
647,0.24574961360123648
648,0.24537037037037038
649,0.2465331278890601
650,0.24615384615384617
651,0.2457757296466974
652,0.24539877300613497
653,0.24655436447166923
654,0.24617737003058104
655,0.24580152671755726
656,0.24542682926829268
657,0.2450532724505327
658,0.24468085106382978
659,0.24430955993930198
660,0.24393939393939393
661,0.24357034795763993
662,0.243202416918429
663,0.24434389140271492
664,0.24397590361445784
665,0.24360902255639097
666,0.24324324324324326
667,0.24287856071964017
668,0.24251497005988024
669,0.242152466367713
670,0.2417910447761194
671,0.2414307004470939
672,0.24107142857142858
673,0.24071322436849926
674,0.2403560830860534
675,0.24
676,0.23964497041420119
677,0.23929098966026588
678,0.24041297935103245
679,0.24153166421207659
680,0.2426470588235294
681,0.2422907488986784
682,0.24193548387096775
683,0.24158125915080528
684,0.2412280701754386
685,0.24087591240875914
686,0.24052478134110788
687,0.24017467248908297
688,0.23982558139534885
689,0.2409288824383164
690,0.24057971014492754
691,0.2402315484804631
692,0.2398843930635838
693,0.23953823953823955
694,0.23919308357348704
695,0.23884892086330936
696,0.23994252873563218
697,0.23959827833572453
698,0.23925501432664756
699,0.23891273247496422
700,0.23857142857142857
701,0.23823109843081314
702,0.2378917378917379
703,0.2375533428165007
704,0.23863636363636365
705,0.23829787234042554
706,0.23796033994334279
707,0.2376237623762376
708,0.23728813559322035
709,0.23695345557122707
710,0.2380281690140845
711,0.2390998593530239
712,0.2401685393258427
713,0.23983169705469845
714,0.24089635854341737
715,0.24055944055944056
716,0.24022346368715083
717,0.2398884239888424
718,0.2395543175487465
719,0.23922114047287898
720,0.2388888888888889
721,0.23855755894590847
722,0.23822714681440443
723,0.23789764868603042
724,0.23756906077348067
725,0.23724137931034484
726,0.23829201101928374
727,0.2393397524071527
728,0.2403846153846154
729,0.24142661179698216
730,0.24246575342465754
731,0.24350205198358413
732,0.24316939890710382
733,0.24283765347885403
734,0.24250681198910082
735,0.24217687074829933
736,0.2418478260869565
737,0.24151967435549526
738,0.24254742547425473
739,0.2422192151556157
740,0.2418918918918919
741,0.24156545209176788
742,0.24123989218328842
743,0.24091520861372812
744,0.24059139784946237
745,0.24026845637583893
746,0.23994638069705093
747,0.23962516733601072
748,0.2393048128342246
749,0.2389853137516689
750,0.23866666666666667
751,0.2396804260985353
752,0.2393617021276596
753,0.23904382470119523
754,0.23872679045092837
755,0.23841059602649006
756,0.23941798941798942
757,0.2404227212681638
758,0.24142480211081793
759,0.24110671936758893
760,0.24078947368421053
761,0.240473061760841
762,0.24015748031496062
763,0.24115334207077327
764,0.24083769633507854
765,0.24052287581699347
766,0.2402088772845953
767,0.24119947848761408
768,0.2421875
769,0.24317295188556567
770,0.24285714285714285
771,0.24254215304798962
772,0.24352331606217617
773,0.2445019404915912
774,0.2454780361757106
775,0.24516129032258063
776,0.24484536082474226
777,0.24453024453024452
778,0.2442159383033419
779,0.24518613607188702
780,0.24487179487179486
781,0.24455825864276567
782,0.24552429667519182
783,0.24521072796934865
784,0.24489795918367346
785,0.2445859872611465
786,0.24427480916030533
787,0.24523506988564167
788,0.24492385786802032
789,0.24461343472750316
790,0.24430379746835443
791,0.24399494310998734
792,0.24368686868686867
793,0.24337957124842372
794,0.24307304785894207
795,0.2440251572327044
796,0.2449748743718593
797,0.24592220828105396
798,0.24686716791979949
799,0.24780976220275344
800,0.2475
801,0.2484394506866417
802,0.24812967581047382
803,0.24782067247820672
804,0.24751243781094528
805,0.24720496894409938
806,0.24689826302729528
807,0.24659231722428748
808,0.24752475247524752
809,0.24721878862793573
810,0.24691358024691357
811,0.2466091245376079
812,0.24753694581280788
813,0.24846248462484624
814,0.2493857493857494
815,0.25030674846625767
816,0.2512254901960784
817,0.2521419828641371
818,0.2530562347188264
819,0.25396825396825395
820,0.25365853658536586
821,0.25334957369062117
822,0.2542579075425791
823,0.25394896719319565
824,0.2536407766990291
825,0.25333333333333335
826,0.25302663438256656
827,0.25272067714631197
828,0.2524154589371981
829,0.25211097708082025
830,0.25180722891566265
831,0.2527075812274368
832,0.25240384615384615
833,0.25210084033613445
834,0.2517985611510791
835,0.25149700598802394
836,0.2511961722488038
837,0.2520908004778972
838,0.2529832935560859
839,0.25387365911799764
840,0.25476190476190474
841,0.2556480380499406
842,0.25653206650831356
843,0.25622775800711745
844,0.2559241706161137
845,0.2556213017751479
846,0.2553191489361702
847,0.256198347107438
848,0.25589622641509435
849,0.25559481743227325
850,0.25529411764705884
851,0.25499412455934195
852,0.25586854460093894
853,0.2567409144196952
854,0.2576112412177986
855,0.2573099415204678
856,0.25817757009345793
857,0.25787631271878647
858,0.25757575757575757
859,0.2572759022118743
860,0.2569767441860465
861,0.25667828106852497
862,0.25638051044083526
863,0.2572421784472769
864,0.25810185185185186
865,0.2589595375722543
866,0.25981524249422633
867,0.2606689734717416
868,0.26152073732718895
869,0.2612197928653625
870,0.26091954022988506
871,0.2606199770378875
872,0.2603211009174312
873,0.2600229095074456
874,0.2597254004576659
875,0.26057142857142856
876,0.2602739726027397
877,0.25997719498289623
878,0.25968109339407747
879,0.2593856655290102
880,0.26022727272727275
881,0.26106696935300794
882,0.2619047619047619
883,0.2627406568516421
884,0.26357466063348417
885,0.26440677966101694
886,0.2652370203160271
887,0.266065388951522
888,0.2668918918918919
889,0.2677165354330709
890,0.26853932584269663
891,0.26936026936026936
892,0.2701793721973094
893,0.270996640537514
894,0.27181208053691275
895,0.27262569832402234
896,0.2734375
897,0.27424749163879597
898,0.2750556792873051
899,0.27586206896551724
900,0.27666666666666667
901,0.27746947835738067
902,0.27827050997782704
903,0.27906976744186046
904,0.27986725663716816
905,0.28066298342541435
906,0.2814569536423841
907,0.2822491730981257
908,0.2830396475770925
909,0.2838283828382838
910,0.2846153846153846
911,0.2854006586169045
912,0.28618421052631576
913,0.28696604600219056
914,0.28774617067833697
915,0.28852459016393445
916,0.2893013100436681
917,0.2900763358778626
918,0.2908496732026144
919,0.2916213275299238
920,0.29239130434782606
921,0.2931596091205212
922,0.29392624728850325
923,0.29469122426868904
924,0.29545454545454547
925,0.29621621621621624
926,0.296976241900648
927,0.2977346278317152
928,0.2984913793103448
929,0.2992465016146394
930,0.3
931,0.3007518796992481
932,0.30150214592274677
933,0.3022508038585209
934,0.3029978586723769
935,0.3037433155080214
936,0.30448717948717946
937,0.3052294557097118
938,0.30597014925373134
939,0.30564430244941426
940,0.30531914893617024
941,0.30499468650371947
942,0.3057324840764331
943,0.3064687168610817
944,0.3072033898305085
945,0.30793650793650795
946,0.30761099365750527
947,0.307286166842661
948,0.3069620253164557
949,0.3066385669125395
950,0.3063157894736842
951,0.3070452155625657
952,0.3067226890756303
953,0.30640083945435465
954,0.3060796645702306
955,0.3057591623036649
956,0.3054393305439331
957,0.30616509926854757
958,0.3068893528183716
959,0.30761209593326383
960,0.30833333333333335
961,0.3090530697190427
962,0.3097713097713098
963,0.31048805815160957
964,0.3112033195020747
965,0.31088082901554404
966,0.3105590062111801
967,0.31023784901758017
968,0.3109504132231405
969,0.31166150670794635
970,0.31237113402061856
971,0.31307929969104015
972,0.31378600823045266
973,0.31449126413155193
974,0.31519507186858314
975,0.3158974358974359
976,0.3165983606557377
977,0.3172978505629478
978,0.3179959100204499
979,0.31869254341164455
980,0.3193877551020408
981,0.3200815494393476
982,0.32077393075356414
983,0.3214649033570702
984,0.32215447154471544
985,0.32284263959390863
986,0.3235294117647059
987,0.3242147922998987
988,0.32388663967611336
989,0.3235591506572295
990,0.3242424242424242
991,0.3239152371342079
992,0.3235887096774194
993,0.32326283987915405
994,0.32293762575452717
995,0.32261306532663314
996,0.32228915662650603
997,0.32196589769307926
998,0.3216432865731463
999,0.3213213213213213
